id,first_name,last_name,email,gender,ip_address
1,Arlen,Bennion,abennion0@t.co,Genderqueer,167.126.102.219
2,Debby,Calderwood,dcalderwood1@arizona.edu,Genderfluid,137.96.96.233
3,Roberta,Burress,rburress2@infoseek.co.jp,Polygender,123.198.216.55
4,Trenna,Stockford,tstockford3@netscape.com,Agender,239.147.56.186
5,Annecorinne,Cater,acater4@google.de,Non-binary,22.45.35.129
6,Eryn,Cuttell,ecuttell5@wp.com,Female,95.29.239.72
7,Julia,Wych,jwych6@sohu.com,Male,219.235.77.166
8,Emogene,Bateson,ebateson7@hostgator.com,Male,110.62.194.4
9,Monica,Jentle,mjentle8@godaddy.com,Bigender,63.93.88.10
10,Chloette,Lynam,clynam9@bigcartel.com,Genderqueer,110.82.97.246
11,Alexine,Collip,acollipa@wikipedia.org,Female,6.229.70.35
12,Dicky,Truse,dtruseb@senate.gov,Non-binary,71.50.77.63
13,Allen,Puxley,apuxleyc@sphinn.com,Female,23.31.251.228
14,Mechelle,Rubinowitch,mrubinowitchd@goo.gl,Genderfluid,208.171.116.135
15,Orelie,Edsell,oedselle@marriott.com,Agender,166.30.155.45
16,Estel,McCory,emccoryf@slate.com,Bigender,217.7.56.56
17,Kiel,Monro,kmonrog@odnoklassniki.ru,Polygender,53.143.176.102
18,Lacee,Bembrigg,lbembriggh@nhs.uk,Male,188.25.232.203
19,Abran,Gaskins,agaskinsi@cnet.com,Genderqueer,208.156.125.0
20,Hughie,Meysham,hmeyshamj@cpanel.net,Polygender,199.106.44.40
21,Cristabel,Malatalant,cmalatalantk@yellowpages.com,Bigender,229.173.56.182
22,Dody,Madgin,dmadginl@cdbaby.com,Polygender,113.121.82.197
23,Elladine,Cancelier,ecancelierm@elegantthemes.com,Bigender,138.54.109.17
24,Red,Lamprecht,rlamprechtn@tinyurl.com,Genderqueer,140.90.187.253
25,Carlo,Oades,coadeso@columbia.edu,Genderfluid,193.238.235.10
26,Fifi,Daltrey,fdaltreyp@wunderground.com,Genderqueer,183.241.43.224
27,Cass,Barock,cbarockq@latimes.com,Genderqueer,130.128.39.59
28,Ingaborg,Agnolo,iagnolor@amazon.de,Polygender,210.32.198.29
29,Guinna,Shore,gshores@google.de,Polygender,154.50.35.49
30,Godfrey,Pudner,gpudnert@abc.net.au,Polygender,225.80.154.23
31,Adam,Meeus,ameeusu@google.ru,Agender,32.1.102.102
32,Kala,Mason,kmasonv@ustream.tv,Male,152.123.222.1
33,Denyse,Ennever,denneverw@themeforest.net,Genderqueer,226.72.46.219
34,Daniel,O'Lunny,dolunnyx@devhub.com,Male,151.49.118.113
35,Wolfy,Vynarde,wvynardey@java.com,Genderqueer,13.46.71.62
36,Erica,Joy,ejoyz@sciencedirect.com,Female,50.232.6.154
37,Vilhelmina,Guiton,vguiton10@ucoz.ru,Bigender,202.121.93.219
38,Cordie,Slight,cslight11@china.com.cn,Polygender,69.78.145.104
39,Seline,Record,srecord12@dagondesign.com,Agender,199.95.63.228
40,Rudolfo,Kimblin,rkimblin13@a8.net,Agender,18.237.188.42
41,Pip,Silvers,psilvers14@answers.com,Male,13.33.20.16
42,Milicent,Caruth,mcaruth15@newsvine.com,Polygender,174.184.83.226
43,Anet,Liquorish,aliquorish16@jigsy.com,Bigender,62.237.170.203
44,Rosabel,Pickance,rpickance17@macromedia.com,Genderqueer,212.56.113.143
45,Mabelle,Doak,mdoak18@craigslist.org,Female,200.19.87.88
46,Jeffrey,Heathcote,jheathcote19@github.io,Female,98.178.196.179
47,Fabiano,Heliar,fheliar1a@whitehouse.gov,Bigender,206.125.242.32
48,Kiel,McCafferky,kmccafferky1b@economist.com,Agender,238.246.98.152
49,Claudie,Swalwell,cswalwell1c@illinois.edu,Non-binary,250.17.223.207
50,Odessa,McKniely,omckniely1d@sitemeter.com,Genderfluid,59.106.92.126
51,Cheryl,Whittick,cwhittick1e@imdb.com,Female,249.174.223.98
52,Clementia,Questier,cquestier1f@va.gov,Male,1.248.97.245
53,Franky,Worvill,fworvill1g@usnews.com,Agender,63.37.185.70
54,Hermann,Branscomb,hbranscomb1h@google.cn,Non-binary,10.144.244.120
55,Kitti,O'Cuddie,kocuddie1i@dyndns.org,Female,59.27.204.158
56,Theodore,Wheal,twheal1j@ox.ac.uk,Non-binary,188.142.236.3
57,Hymie,Vaines,hvaines1k@tmall.com,Male,255.254.253.112
58,Bartie,Garbutt,bgarbutt1l@marketwatch.com,Non-binary,220.193.82.167
59,Ortensia,Nares,onares1m@amazon.com,Genderqueer,174.168.206.24
60,Lurleen,Brecken,lbrecken1n@printfriendly.com,Female,73.31.1.101
61,Chantalle,McSperron,cmcsperron1o@sina.com.cn,Genderfluid,218.160.11.229
62,Maureene,Wanklyn,mwanklyn1p@miitbeian.gov.cn,Agender,16.238.16.164
63,Iver,Warrier,iwarrier1q@timesonline.co.uk,Bigender,140.88.121.67
64,Revkah,Windows,rwindows1r@newyorker.com,Agender,60.140.119.84
65,Osbourne,Downton,odownton1s@ftc.gov,Agender,134.158.149.236
66,Casey,Rattrie,crattrie1t@myspace.com,Male,44.75.161.132
67,Koenraad,Tweede,ktweede1u@walmart.com,Agender,201.188.252.225
68,Dana,Butters,dbutters1v@acquirethisname.com,Bigender,140.169.106.133
69,Neddy,Dew,ndew1w@cdbaby.com,Bigender,133.110.181.41
70,Reube,Penas,rpenas1x@howstuffworks.com,Bigender,125.149.109.104
71,Kalila,Enderson,kenderson1y@shinystat.com,Genderqueer,21.228.123.193
72,Roanne,Moorcroft,rmoorcroft1z@upenn.edu,Female,176.154.151.225
73,Berni,MacAdam,bmacadam20@java.com,Female,153.135.7.49
74,Catriona,Twallin,ctwallin21@woothemes.com,Male,93.127.87.3
75,Marika,Huttley,mhuttley22@sogou.com,Bigender,128.72.80.198
76,Clevie,Santer,csanter23@bloglovin.com,Agender,156.241.194.250
77,Alyosha,Senten,asenten24@discovery.com,Polygender,243.249.133.114
78,Shelba,Wegner,swegner25@webmd.com,Agender,245.205.42.249
79,Rudolph,Marke,rmarke26@amazonaws.com,Genderqueer,71.239.45.189
80,Kerry,Skirvin,kskirvin27@dailymotion.com,Female,58.89.17.135
81,Angelo,Oels,aoels28@who.int,Polygender,61.248.181.98
82,Guy,Tarrier,gtarrier29@fc2.com,Genderfluid,197.218.252.191
83,Olenka,Ollerenshaw,oollerenshaw2a@webnode.com,Male,233.158.37.192
84,Hillie,Flag,hflag2b@odnoklassniki.ru,Agender,112.26.141.207
85,Giff,Johanssen,gjohanssen2c@shinystat.com,Agender,177.50.157.30
86,Blayne,Breeze,bbreeze2d@economist.com,Agender,133.135.35.225
87,Maia,McGeaney,mmcgeaney2e@techcrunch.com,Bigender,31.253.20.149
88,Elita,Stourton,estourton2f@discovery.com,Genderfluid,220.226.125.120
89,Cherilynn,Clatworthy,cclatworthy2g@ebay.co.uk,Agender,199.117.89.126
90,Constantia,Triggs,ctriggs2h@mashable.com,Female,180.221.252.194
91,Mischa,Sturton,msturton2i@e-recht24.de,Genderqueer,197.155.236.227
92,Julienne,Wikey,jwikey2j@jugem.jp,Female,236.233.129.20
93,Laura,Soigoux,lsoigoux2k@tiny.cc,Genderqueer,91.183.86.68
94,Katlin,Maffey,kmaffey2l@va.gov,Agender,240.53.143.6
95,Oralee,Rozalski,orozalski2m@un.org,Genderqueer,84.168.160.166
96,Jenda,Jakoviljevic,jjakoviljevic2n@desdev.cn,Genderqueer,80.60.174.109
97,Rutledge,D'Antoni,rdantoni2o@hao123.com,Genderqueer,28.51.242.119
98,Giffie,Gledhall,ggledhall2p@imdb.com,Genderfluid,174.205.77.98
99,Tamarra,Lording,tlording2q@delicious.com,Genderfluid,199.194.81.124
100,Barnabe,Shackell,bshackell2r@de.vu,Polygender,20.40.211.91
101,Clywd,Lye,clye2s@netvibes.com,Polygender,149.126.130.252
102,Melany,Weathers,mweathers2t@rediff.com,Polygender,111.206.196.32
103,Honoria,Meeke,hmeeke2u@de.vu,Male,45.234.11.13
104,Mead,Bruggen,mbruggen2v@t-online.de,Genderqueer,55.146.68.118
105,Dorice,Woolard,dwoolard2w@goo.gl,Agender,68.41.108.105
106,Kaleena,Piperley,kpiperley2x@g.co,Non-binary,214.185.236.39
107,Trixi,Phillpotts,tphillpotts2y@live.com,Genderqueer,208.140.78.167
108,Marla,Aronsohn,maronsohn2z@reverbnation.com,Non-binary,115.244.151.108
109,Carline,Howen,chowen30@nasa.gov,Male,71.125.149.119
110,Alvan,Veighey,aveighey31@msu.edu,Non-binary,182.104.25.250
111,Annette,Iremonger,airemonger32@barnesandnoble.com,Male,91.219.65.10
112,Brant,Barnfield,bbarnfield33@bravesites.com,Agender,1.184.223.142
113,Trescha,Soppit,tsoppit34@blogspot.com,Female,239.172.150.47
114,Thorin,Skermer,tskermer35@soup.io,Polygender,211.79.57.57
115,Wildon,Growcott,wgrowcott36@cisco.com,Non-binary,119.112.36.227
116,Wenonah,Sollime,wsollime37@pcworld.com,Genderfluid,148.172.218.73
117,Jayme,Fassbindler,jfassbindler38@github.com,Genderqueer,108.221.186.186
118,Arliene,Rough,arough39@ifeng.com,Male,250.99.6.171
119,Roley,Genders,rgenders3a@domainmarket.com,Non-binary,174.12.162.216
120,Eugenio,Saines,esaines3b@oakley.com,Genderfluid,213.7.39.161
121,Electra,Trillow,etrillow3c@tinyurl.com,Bigender,6.55.51.226
122,Thayne,Muckloe,tmuckloe3d@answers.com,Bigender,98.70.44.5
123,Phelia,Hegg,phegg3e@dion.ne.jp,Bigender,89.62.129.177
124,Anallese,Barczynski,abarczynski3f@unc.edu,Female,162.33.27.78
125,Lucien,Dobbinson,ldobbinson3g@independent.co.uk,Non-binary,202.128.245.35
126,Syd,Challiner,schalliner3h@home.pl,Male,111.241.244.136
127,Denna,Chisman,dchisman3i@umich.edu,Female,163.186.32.74
128,Joice,Potebury,jpotebury3j@abc.net.au,Male,84.29.154.167
129,Chase,Heibl,cheibl3k@cbsnews.com,Non-binary,126.216.6.105
130,Vonnie,Tejero,vtejero3l@unicef.org,Bigender,3.200.1.226
131,Clarke,Bernardy,cbernardy3m@ow.ly,Bigender,97.140.142.187
132,Trefor,Pilling,tpilling3n@earthlink.net,Genderqueer,231.147.32.4
133,Nicol,Giriardelli,ngiriardelli3o@youtube.com,Genderfluid,127.196.115.19
134,Erik,Checcucci,echeccucci3p@google.cn,Agender,139.182.173.201
135,Blinnie,Inderwick,binderwick3q@fastcompany.com,Bigender,79.49.178.0
136,Delcine,Haken,dhaken3r@foxnews.com,Male,3.4.19.45
137,Ted,Mulford,tmulford3s@dailymotion.com,Male,227.189.117.77
138,Eugen,Heliet,eheliet3t@dailymotion.com,Genderfluid,207.125.31.132
139,Caresa,Boater,cboater3u@huffingtonpost.com,Male,36.32.168.75
140,Lonna,Beadle,lbeadle3v@time.com,Genderfluid,202.164.144.101
141,Rowney,Durrett,rdurrett3w@un.org,Bigender,2.126.40.141
142,Adolphus,Defraine,adefraine3x@naver.com,Female,240.151.39.119
143,Collie,Harrhy,charrhy3y@ifeng.com,Polygender,96.48.192.255
144,Bucky,Mattiacci,bmattiacci3z@harvard.edu,Male,147.240.138.85
145,Anica,Vinick,avinick40@home.pl,Agender,251.194.153.5
146,Arlen,Matelaitis,amatelaitis41@statcounter.com,Female,32.179.144.29
147,Nil,Hanshawe,nhanshawe42@twitter.com,Agender,230.195.207.8
148,Selie,Le Breton,slebreton43@craigslist.org,Non-binary,105.10.191.21
149,Redford,Broderick,rbroderick44@51.la,Agender,98.37.168.49
150,Linoel,Gledstane,lgledstane45@feedburner.com,Male,74.83.170.183
151,Brandise,Muino,bmuino46@discuz.net,Female,214.12.154.224
152,Darla,Pepall,dpepall47@baidu.com,Genderqueer,1.68.187.185
153,Dee dee,Minshaw,dminshaw48@redcross.org,Non-binary,99.198.174.106
154,Raphaela,Estick,restick49@amazon.co.uk,Bigender,110.197.93.29
155,Ruthann,Upsale,rupsale4a@cnbc.com,Genderfluid,164.12.75.54
156,Zia,Portriss,zportriss4b@mapy.cz,Female,76.175.81.95
157,Alyssa,Delap,adelap4c@vk.com,Polygender,94.66.37.166
158,Jacqui,Willingam,jwillingam4d@elpais.com,Agender,143.81.18.241
159,Zachariah,Wisdish,zwisdish4e@deliciousdays.com,Genderqueer,4.100.207.233
160,Stanfield,Dodworth,sdodworth4f@microsoft.com,Polygender,234.215.1.108
161,Nertie,Burdis,nburdis4g@csmonitor.com,Female,0.102.20.25
162,Vevay,Parnall,vparnall4h@google.cn,Male,45.72.7.175
163,Jonie,Freckingham,jfreckingham4i@soundcloud.com,Female,255.101.21.65
164,Filide,Kitteman,fkitteman4j@cocolog-nifty.com,Bigender,79.16.85.193
165,Seward,Mussettini,smussettini4k@arizona.edu,Female,174.162.234.252
166,Gerick,Pietraszek,gpietraszek4l@ox.ac.uk,Genderfluid,99.9.100.66
167,Erroll,Chillistone,echillistone4m@amazonaws.com,Genderqueer,174.216.223.255
168,Caritta,Brotherhed,cbrotherhed4n@wikimedia.org,Non-binary,47.98.143.99
169,Cass,Lemerle,clemerle4o@ucsd.edu,Genderfluid,118.25.8.158
170,Thorin,Beaudry,tbeaudry4p@storify.com,Male,167.61.108.247
171,Zeb,Pietrzyk,zpietrzyk4q@digg.com,Agender,36.201.221.234
172,Darsie,Calcraft,dcalcraft4r@purevolume.com,Non-binary,37.179.176.80
173,Gennie,Kittoe,gkittoe4s@pbs.org,Female,106.41.83.37
174,Nikita,D'Onisi,ndonisi4t@sun.com,Agender,78.57.38.147
175,Nathaniel,Conws,nconws4u@prnewswire.com,Agender,52.66.61.116
176,Rickie,Jillett,rjillett4v@gov.uk,Genderfluid,232.63.187.237
177,Sherwin,Lacky,slacky4w@skype.com,Genderqueer,92.120.166.45
178,Rupert,Bartens,rbartens4x@meetup.com,Agender,93.84.120.211
179,Christoforo,Bello,cbello4y@home.pl,Polygender,194.230.161.140
180,Durand,Grahl,dgrahl4z@who.int,Polygender,4.83.198.222
181,Sherry,Diehn,sdiehn50@myspace.com,Male,109.163.20.60
182,Giffer,Myall,gmyall51@zdnet.com,Polygender,11.205.254.6
183,Walton,Allbones,wallbones52@google.com.br,Agender,42.145.76.178
184,Esmaria,Mates,emates53@guardian.co.uk,Male,200.14.52.139
185,Britta,Bridgeman,bbridgeman54@skyrock.com,Agender,95.192.11.17
186,Charline,Pinchon,cpinchon55@epa.gov,Bigender,85.194.213.2
187,Caye,Petrolli,cpetrolli56@patch.com,Bigender,183.234.249.84
188,Malchy,Tumbelty,mtumbelty57@51.la,Bigender,84.84.216.76
189,Bastien,Dennison,bdennison58@phoca.cz,Genderqueer,213.30.174.182
190,Adam,Sprey,asprey59@forbes.com,Male,17.148.8.79
191,Adelice,Doeg,adoeg5a@symantec.com,Non-binary,236.37.199.63
192,Mary,Behnecken,mbehnecken5b@amazon.co.jp,Bigender,234.175.26.83
193,Rebbecca,Rodrig,rrodrig5c@baidu.com,Male,156.130.52.90
194,Janka,Ditch,jditch5d@ucla.edu,Male,138.209.191.106
195,Nadiya,Bulcroft,nbulcroft5e@ftc.gov,Genderqueer,167.99.182.116
196,John,Crichmere,jcrichmere5f@sohu.com,Female,106.229.184.7
197,Shaun,Bolino,sbolino5g@washingtonpost.com,Polygender,19.126.2.29
198,Damien,McCurley,dmccurley5h@columbia.edu,Genderqueer,142.32.35.157
199,Jennine,Armal,jarmal5i@is.gd,Genderfluid,30.74.48.131
200,Gertruda,Ledwitch,gledwitch5j@about.me,Non-binary,111.245.0.140
201,Wandie,Kleinstein,wkleinstein5k@vimeo.com,Agender,211.248.122.224
202,Abby,Parminter,aparminter5l@joomla.org,Agender,65.158.37.201
203,Gretta,MacDwyer,gmacdwyer5m@nifty.com,Bigender,58.57.31.147
204,Toma,Beaby,tbeaby5n@sciencedirect.com,Genderqueer,68.83.217.214
205,Lory,Ruffler,lruffler5o@mysql.com,Agender,149.95.136.104
206,Margarita,Lutty,mlutty5p@chron.com,Bigender,29.55.192.126
207,Alvie,Von Salzberg,avonsalzberg5q@tuttocitta.it,Genderfluid,211.125.9.152
208,Karolina,Finnie,kfinnie5r@amazon.co.jp,Bigender,153.168.76.125
209,Alex,Folliott,afolliott5s@rambler.ru,Bigender,230.121.92.207
210,Morlee,Wickett,mwickett5t@freewebs.com,Female,109.117.168.115
211,Trey,Iacovucci,tiacovucci5u@latimes.com,Bigender,164.228.159.152
212,Jamil,Sorrill,jsorrill5v@cbslocal.com,Non-binary,188.47.16.9
213,Johannah,Littlechild,jlittlechild5w@wisc.edu,Female,220.145.127.64
214,Harriet,Swabey,hswabey5x@1und1.de,Polygender,57.45.3.170
215,Quintin,Terrelly,qterrelly5y@patch.com,Genderfluid,114.59.15.239
216,Pascal,Bence,pbence5z@facebook.com,Female,102.128.90.93
217,Carolyn,Edmundson,cedmundson60@cam.ac.uk,Non-binary,231.227.182.225
218,Elfreda,Bottoner,ebottoner61@nps.gov,Polygender,20.118.103.239
219,Uta,Fiske,ufiske62@i2i.jp,Genderfluid,253.7.58.74
220,Artie,Lahy,alahy63@t-online.de,Genderfluid,222.126.13.195
221,Kellsie,Seabert,kseabert64@ucsd.edu,Agender,251.29.244.88
222,Prent,Burnsides,pburnsides65@naver.com,Genderqueer,167.226.93.7
223,Brenna,Jarmaine,bjarmaine66@senate.gov,Male,232.255.132.34
224,Chaim,Buff,cbuff67@amazon.co.jp,Agender,131.192.135.13
225,Mervin,Locarno,mlocarno68@indiegogo.com,Male,169.158.215.212
226,Sam,Torricina,storricina69@opera.com,Male,200.85.218.31
227,Cyrus,Domerq,cdomerq6a@wordpress.com,Genderqueer,81.115.37.17
228,Horten,Gwyllt,hgwyllt6b@disqus.com,Bigender,125.29.148.198
229,Sutton,Irlam,sirlam6c@timesonline.co.uk,Genderqueer,215.43.205.86
230,Luci,Davidek,ldavidek6d@rediff.com,Agender,155.170.222.106
231,Phelia,Pech,ppech6e@nature.com,Male,98.96.165.159
232,Delphine,Howey,dhowey6f@eepurl.com,Polygender,226.149.218.170
233,Kass,Middlewick,kmiddlewick6g@yahoo.com,Male,100.19.53.203
234,Gratiana,Sayer,gsayer6h@thetimes.co.uk,Male,11.89.191.45
235,Helena,Wilkie,hwilkie6i@lycos.com,Female,126.247.20.38
236,Osborne,Stallworthy,ostallworthy6j@bravesites.com,Agender,42.207.249.214
237,Dina,Bezants,dbezants6k@networksolutions.com,Genderqueer,89.7.134.228
238,Boyce,Lermouth,blermouth6l@nhs.uk,Polygender,242.95.103.215
239,Rossy,Shoulders,rshoulders6m@va.gov,Male,38.207.187.50
240,Rakel,Percy,rpercy6n@stumbleupon.com,Agender,78.108.107.1
241,Randi,Dikels,rdikels6o@tinypic.com,Bigender,140.16.122.242
242,Martica,Gherardelli,mgherardelli6p@a8.net,Non-binary,223.39.63.91
243,Roz,Cail,rcail6q@theguardian.com,Female,83.140.38.73
244,Archie,Matuszkiewicz,amatuszkiewicz6r@reference.com,Polygender,124.213.41.93
245,Pearle,Perrinchief,pperrinchief6s@arizona.edu,Bigender,181.188.134.24
246,Drake,Pedwell,dpedwell6t@ted.com,Non-binary,190.189.150.119
247,Sybyl,Totman,stotman6u@jalbum.net,Female,255.61.254.132
248,Donn,Robuchon,drobuchon6v@gizmodo.com,Agender,12.254.193.255
249,Robinet,Moseby,rmoseby6w@google.nl,Agender,218.144.59.88
250,Otto,Wilcock,owilcock6x@ning.com,Male,71.180.205.96
251,Dill,O'Grady,dogrady6y@reference.com,Agender,178.180.194.29
252,Nap,Collerd,ncollerd6z@hao123.com,Male,188.9.225.84
253,Wiley,Jurczyk,wjurczyk70@wunderground.com,Polygender,168.214.122.24
254,Bernete,Summons,bsummons71@amazon.com,Agender,126.221.52.154
255,Nari,Eacott,neacott72@php.net,Agender,234.232.213.233
256,Leta,Kempstone,lkempstone73@toplist.cz,Genderfluid,246.92.224.180
257,Lombard,Cardillo,lcardillo74@ovh.net,Agender,238.0.113.183
258,Cathleen,Scrivens,cscrivens75@google.co.uk,Genderfluid,209.77.9.236
259,Fayette,Saffin,fsaffin76@uol.com.br,Agender,15.233.51.14
260,Douglass,Doodson,ddoodson77@canalblog.com,Female,207.7.247.37
261,Marci,Jancic,mjancic78@nydailynews.com,Non-binary,124.213.195.129
262,Ulick,Ledwith,uledwith79@zdnet.com,Polygender,124.39.16.166
263,Holly-anne,Inglis,hinglis7a@biglobe.ne.jp,Female,92.239.14.71
264,Forester,Dupoy,fdupoy7b@mtv.com,Polygender,98.241.113.41
265,Jae,Cakebread,jcakebread7c@ihg.com,Non-binary,1.19.35.200
266,Yvonne,Louis,ylouis7d@google.nl,Male,98.230.171.56
267,Dedie,Chiddy,dchiddy7e@icq.com,Genderfluid,45.76.230.216
268,Rolando,Sauvan,rsauvan7f@vimeo.com,Genderfluid,2.84.186.83
269,Emmit,McPake,emcpake7g@com.com,Female,97.47.179.85
270,Collen,Frankum,cfrankum7h@istockphoto.com,Non-binary,22.102.42.228
271,Cordy,Berzen,cberzen7i@timesonline.co.uk,Genderfluid,111.67.33.126
272,Maire,Witchard,mwitchard7j@nbcnews.com,Polygender,15.160.81.168
273,Roslyn,Tumbelty,rtumbelty7k@goo.gl,Non-binary,72.41.204.134
274,Norah,Newland,nnewland7l@guardian.co.uk,Non-binary,224.14.249.29
275,Lutero,Tarpey,ltarpey7m@usgs.gov,Genderqueer,225.206.17.151
276,Regan,Matthisson,rmatthisson7n@ca.gov,Polygender,232.33.213.188
277,Cleavland,Berk,cberk7o@spiegel.de,Genderqueer,194.202.245.167
278,Dayna,Urlich,durlich7p@sciencedaily.com,Male,255.127.139.168
279,Nathaniel,Doxsey,ndoxsey7q@tuttocitta.it,Genderqueer,50.106.217.242
280,Leilah,Stebles,lstebles7r@columbia.edu,Agender,155.144.15.211
281,Alvinia,Blaxter,ablaxter7s@ihg.com,Male,137.235.38.227
282,Matilde,Rebbeck,mrebbeck7t@tinyurl.com,Genderfluid,18.85.237.49
283,Remus,Burbidge,rburbidge7u@pbs.org,Agender,51.41.124.32
284,Cyrill,Lanchberry,clanchberry7v@home.pl,Non-binary,202.37.2.215
285,Suzanna,Byrch,sbyrch7w@sun.com,Genderqueer,120.32.121.200
286,Lawrence,Maccree,lmaccree7x@people.com.cn,Agender,173.150.189.96
287,Keefer,Bimson,kbimson7y@ocn.ne.jp,Genderfluid,21.89.123.2
288,Desi,Peel,dpeel7z@bing.com,Bigender,120.148.12.43
289,Hynda,Terbrug,hterbrug80@google.co.jp,Polygender,201.53.230.238
290,Marge,Yven,myven81@istockphoto.com,Agender,205.208.24.77
291,Norri,Shilstone,nshilstone82@google.nl,Polygender,69.78.253.219
292,Gustavo,Pavluk,gpavluk83@addthis.com,Genderfluid,167.79.167.137
293,Nikki,Follen,nfollen84@shareasale.com,Female,7.36.1.80
294,Marcus,Sheepy,msheepy85@opera.com,Male,103.6.168.99
295,Hew,Luigi,hluigi86@quantcast.com,Genderqueer,15.205.161.131
296,Michaela,Donoghue,mdonoghue87@epa.gov,Non-binary,255.73.183.124
297,Kiele,Oliphand,koliphand88@networkadvertising.org,Polygender,245.146.65.84
298,Wain,Dumper,wdumper89@cbsnews.com,Bigender,62.127.39.135
299,Zorina,Sturrock,zsturrock8a@networksolutions.com,Non-binary,5.152.49.173
300,Goldy,Baggott,gbaggott8b@redcross.org,Female,146.175.9.117
301,Webb,Rooper,wrooper8c@marriott.com,Agender,196.82.223.90
302,Marcello,Byrcher,mbyrcher8d@bloomberg.com,Genderfluid,28.188.193.75
303,Brinn,Ballam,bballam8e@dmoz.org,Male,150.177.220.87
304,Rennie,Reith,rreith8f@rambler.ru,Male,203.116.115.122
305,Chet,Coppins,ccoppins8g@squidoo.com,Bigender,123.153.217.11
306,Camilla,McAleese,cmcaleese8h@elpais.com,Female,79.217.35.161
307,Elisha,Heineke,eheineke8i@ebay.com,Female,180.8.76.109
308,Suzette,Simcox,ssimcox8j@nhs.uk,Bigender,106.28.167.48
309,Donna,Goddard,dgoddard8k@biglobe.ne.jp,Female,25.223.80.67
310,Nettle,Archell,narchell8l@ning.com,Female,18.31.63.102
311,Winfield,Paulino,wpaulino8m@bravesites.com,Genderfluid,236.186.71.15
312,Meryl,Jarret,mjarret8n@cbsnews.com,Non-binary,155.106.218.129
313,Josh,Goldup,jgoldup8o@mtv.com,Genderfluid,84.231.80.75
314,Siana,Madders,smadders8p@networkadvertising.org,Female,73.112.178.187
315,Franchot,Battany,fbattany8q@weibo.com,Female,226.163.18.236
316,Sam,Sanz,ssanz8r@qq.com,Bigender,26.57.106.243
317,Marijo,Sherr,msherr8s@themeforest.net,Bigender,222.58.211.85
318,Melissa,Gendrich,mgendrich8t@sakura.ne.jp,Non-binary,175.229.53.41
319,Carr,McFee,cmcfee8u@ezinearticles.com,Genderqueer,128.248.232.108
320,Zacharia,Jaggers,zjaggers8v@tamu.edu,Bigender,8.241.4.83
321,Tabor,Nials,tnials8w@zdnet.com,Female,85.242.40.219
322,Rozelle,Irlam,rirlam8x@nasa.gov,Agender,253.160.125.213
323,Margarette,Schruyers,mschruyers8y@clickbank.net,Polygender,178.182.79.251
324,Cyrill,Egginton,cegginton8z@eventbrite.com,Male,105.88.59.175
325,Mehetabel,Pales,mpales90@va.gov,Bigender,239.165.66.66
326,Akim,Cann,acann91@boston.com,Genderqueer,251.236.10.144
327,Carlin,Crankshaw,ccrankshaw92@tamu.edu,Polygender,42.11.142.253
328,Angelika,Streatfeild,astreatfeild93@sciencedaily.com,Non-binary,205.235.44.129
329,Orsola,Threlfall,othrelfall94@jimdo.com,Agender,20.125.47.150
330,Noella,Whittier,nwhittier95@google.com.br,Non-binary,149.67.3.118
331,Eric,Behnen,ebehnen96@comcast.net,Agender,162.73.77.60
332,Dasya,Jedrzejewsky,djedrzejewsky97@spiegel.de,Agender,29.6.95.131
333,Beckie,Schustl,bschustl98@google.fr,Bigender,84.137.183.17
334,Ida,Landell,ilandell99@mashable.com,Bigender,130.46.97.189
335,Torie,Freddi,tfreddi9a@freewebs.com,Bigender,112.27.112.72
336,Troy,Ahmad,tahmad9b@admin.ch,Male,138.165.196.140
337,Ninetta,Dorken,ndorken9c@weibo.com,Agender,143.80.241.127
338,Lilias,Dimmack,ldimmack9d@japanpost.jp,Agender,6.234.50.114
339,Trixie,Pizey,tpizey9e@cnbc.com,Female,229.13.39.52
340,Falito,Bowbrick,fbowbrick9f@jalbum.net,Female,236.141.183.170
341,Garfield,Syplus,gsyplus9g@zimbio.com,Agender,233.51.195.229
342,Gerta,Philcox,gphilcox9h@dmoz.org,Polygender,239.39.173.129
343,Staffard,Locket,slocket9i@ftc.gov,Bigender,39.232.233.62
344,Jesse,Killeen,jkilleen9j@irs.gov,Male,160.92.236.106
345,Joachim,Cowcha,jcowcha9k@cpanel.net,Agender,183.86.180.90
346,Twila,MacTurlough,tmacturlough9l@amazon.co.jp,Agender,98.241.245.211
347,Shaina,Pocock,spocock9m@imgur.com,Genderqueer,163.160.180.32
348,Hort,Cornbill,hcornbill9n@dion.ne.jp,Female,219.197.209.81
349,Hoyt,Oldcroft,holdcroft9o@reference.com,Bigender,172.226.132.146
350,Beauregard,McRannell,bmcrannell9p@drupal.org,Female,146.245.112.132
351,Skipton,Behrens,sbehrens9q@w3.org,Female,156.7.252.24
352,Alberta,Marquess,amarquess9r@wix.com,Genderfluid,10.63.88.250
353,Hubert,Keig,hkeig9s@fotki.com,Genderqueer,255.148.210.173
354,Joelie,Duddan,jduddan9t@prweb.com,Female,35.218.19.123
355,Mame,Easen,measen9u@amazon.de,Male,199.51.199.115
356,Emlyn,Settle,esettle9v@addtoany.com,Male,28.68.182.196
357,Arleen,Banishevitz,abanishevitz9w@google.ca,Genderfluid,217.142.123.65
358,Aldon,McAlees,amcalees9x@jugem.jp,Bigender,189.197.32.105
359,Farrah,Shuker,fshuker9y@skyrock.com,Polygender,207.71.86.157
360,Lucila,Kefford,lkefford9z@tmall.com,Male,98.121.139.3
361,Kristien,Matteoni,kmatteonia0@arizona.edu,Genderfluid,225.251.77.171
362,Myrah,Trevithick,mtrevithicka1@psu.edu,Polygender,76.253.215.116
363,Ange,Sellers,asellersa2@i2i.jp,Male,43.187.59.128
364,Emmalee,Guinnane,eguinnanea3@wisc.edu,Male,43.142.142.30
365,Frans,Baselio,fbaselioa4@bbb.org,Male,61.176.71.169
366,Kiley,Fleeman,kfleemana5@goo.gl,Female,160.100.210.132
367,Ginelle,Fergie,gfergiea6@csmonitor.com,Genderfluid,87.205.9.14
368,Marion,Reicherz,mreicherza7@ovh.net,Genderqueer,88.71.84.239
369,Parrnell,Spight,pspighta8@unesco.org,Genderqueer,127.122.6.141
370,Lynnette,Dugall,ldugalla9@odnoklassniki.ru,Polygender,48.23.47.178
371,Estrella,Crush,ecrushaa@statcounter.com,Male,180.78.95.191
372,Shurlocke,Delos,sdelosab@epa.gov,Genderqueer,135.92.121.127
373,Brendis,Raft,braftac@soup.io,Female,48.49.98.247
374,Idell,Fearnyhough,ifearnyhoughad@feedburner.com,Male,20.168.55.212
375,Wilow,Siddell,wsiddellae@deviantart.com,Bigender,120.69.175.102
376,Ramsey,Sprulls,rsprullsaf@nhs.uk,Genderqueer,241.193.57.89
377,Ag,Vassman,avassmanag@thetimes.co.uk,Male,206.168.46.60
378,Cybill,Scammell,cscammellah@histats.com,Genderqueer,55.76.100.245
379,Lilli,Allwood,lallwoodai@china.com.cn,Male,154.97.236.1
380,Tommie,Yeld,tyeldaj@w3.org,Genderfluid,61.230.140.240
381,Fidelity,Emmer,femmerak@sitemeter.com,Agender,141.129.155.194
382,Giana,Liggens,gliggensal@paypal.com,Non-binary,228.120.163.243
383,Corine,Kleinzweig,ckleinzweigam@upenn.edu,Genderfluid,102.59.228.133
384,Murielle,Sydry,msydryan@theatlantic.com,Agender,120.211.221.220
385,Fan,Manshaw,fmanshawao@admin.ch,Polygender,0.183.83.255
386,Cory,Adamowicz,cadamowiczap@reference.com,Polygender,204.141.67.252
387,Layne,Borgnol,lborgnolaq@uiuc.edu,Polygender,152.94.0.215
388,Gerda,Vernau,gvernauar@marketwatch.com,Polygender,73.27.32.45
389,Tymon,Hallowes,thallowesas@comcast.net,Female,142.69.200.252
390,Sigismund,Kik,skikat@comcast.net,Male,163.51.246.117
391,Nessa,Smeuin,nsmeuinau@reddit.com,Genderfluid,6.111.89.241
392,Emera,Baum,ebaumav@ning.com,Female,0.137.117.144
393,Angela,Bertrand,abertrandaw@thetimes.co.uk,Non-binary,55.98.24.9
394,Nelly,Chadwell,nchadwellax@tripadvisor.com,Bigender,59.47.98.49
395,Sauveur,Mattin,smattinay@prlog.org,Female,36.177.167.25
396,Kate,Esland,keslandaz@google.nl,Polygender,73.220.101.196
397,Barbabas,Burke,bburkeb0@ning.com,Genderfluid,72.57.89.139
398,Tammi,Clinch,tclinchb1@ted.com,Female,162.224.108.196
399,Henrik,Newnham,hnewnhamb2@boston.com,Agender,155.244.164.155
400,Ellary,Coldman,ecoldmanb3@slideshare.net,Polygender,222.77.238.63
401,Demetri,Pleaden,dpleadenb4@sciencedaily.com,Female,106.191.153.181
402,Celestyna,Bond,cbondb5@last.fm,Non-binary,15.62.114.17
403,Hadley,Ondrusek,hondrusekb6@about.me,Non-binary,244.61.154.66
404,Noah,Kellet,nkelletb7@prlog.org,Genderfluid,204.238.228.236
405,Karrie,McGebenay,kmcgebenayb8@sohu.com,Genderfluid,169.137.39.111
406,Tiebout,Huebner,thuebnerb9@facebook.com,Polygender,174.245.113.110
407,Aeriela,Olenov,aolenovba@google.it,Polygender,204.146.203.108
408,Bliss,Nissle,bnisslebb@amazon.com,Female,205.146.215.197
409,Rebekah,Teresa,rteresabc@cbc.ca,Female,199.96.234.114
410,Dominic,Retter,dretterbd@dagondesign.com,Agender,174.17.176.54
411,Philippe,Bruyns,pbruynsbe@twitpic.com,Polygender,213.230.40.49
412,Amelia,O' Dornan,aodornanbf@oracle.com,Female,122.211.115.197
413,Morris,Kendrew,mkendrewbg@mapquest.com,Non-binary,190.30.249.107
414,Zebulon,Conlaund,zconlaundbh@jiathis.com,Female,97.106.70.102
415,Pamella,Gerlack,pgerlackbi@eventbrite.com,Female,163.165.20.62
416,Dorolisa,Ropartz,dropartzbj@google.pl,Genderfluid,147.156.233.235
417,Brooks,Gilardone,bgilardonebk@sakura.ne.jp,Agender,244.97.209.41
418,Dominik,L'Amie,dlamiebl@state.gov,Agender,135.112.157.146
419,Frieda,Draysay,fdraysaybm@yandex.ru,Bigender,100.12.237.156
420,Augustine,Bromwich,abromwichbn@ftc.gov,Polygender,32.137.66.18
421,Tremain,Comar,tcomarbo@hexun.com,Female,15.6.245.157
422,Errol,Snelgrove,esnelgrovebp@timesonline.co.uk,Female,110.151.182.250
423,Zaneta,Tefft,ztefftbq@toplist.cz,Genderqueer,98.190.5.70
424,Austina,Bostock,abostockbr@woothemes.com,Genderfluid,61.80.45.43
425,Margaret,Dumingos,mdumingosbs@bloglines.com,Genderfluid,17.210.214.130
426,Ingaberg,Wheelan,iwheelanbt@google.com,Agender,177.220.97.227
427,Drew,Tully,dtullybu@independent.co.uk,Genderqueer,254.134.148.179
428,Andie,Kersley,akersleybv@miitbeian.gov.cn,Agender,83.19.161.124
429,Jandy,Orrill,jorrillbw@ox.ac.uk,Female,101.68.83.152
430,Giorgia,Tukesby,gtukesbybx@usa.gov,Genderfluid,196.111.8.30
431,Conchita,Newlove,cnewloveby@instagram.com,Female,99.110.129.211
432,Nickie,McCuis,nmccuisbz@icio.us,Genderqueer,123.28.216.112
433,Sioux,Poag,spoagc0@army.mil,Genderqueer,0.199.30.175
434,Niko,Pendell,npendellc1@discovery.com,Female,175.222.27.241
435,Blondie,Butt Gow,bbuttgowc2@virginia.edu,Polygender,82.190.95.225
436,Winnifred,Towse,wtowsec3@mapy.cz,Agender,187.239.230.210
437,Gale,Farrey,gfarreyc4@npr.org,Agender,168.247.107.97
438,Waring,Eskrigg,weskriggc5@wikipedia.org,Non-binary,211.48.140.117
439,Deane,Lynnett,dlynnettc6@washingtonpost.com,Genderqueer,95.140.174.213
440,Cyrus,Bricket,cbricketc7@admin.ch,Polygender,36.84.180.6
441,Kippar,Shrieves,kshrievesc8@alibaba.com,Agender,179.197.64.61
442,Olvan,Shingler,oshinglerc9@so-net.ne.jp,Non-binary,48.166.165.177
443,Forster,Micklem,fmicklemca@engadget.com,Genderfluid,237.131.234.194
444,Barton,Joincey,bjoinceycb@t.co,Bigender,35.74.170.99
445,Tracie,Garvagh,tgarvaghcc@whitehouse.gov,Male,34.232.44.108
446,Henka,Allchorn,hallchorncd@biglobe.ne.jp,Non-binary,232.107.88.18
447,Jaquenetta,Pindell,jpindellce@edublogs.org,Female,113.17.15.81
448,Schuyler,Celez,scelezcf@twitter.com,Genderfluid,175.171.171.76
449,Ernesta,McComiskey,emccomiskeycg@si.edu,Male,86.112.251.132
450,Neil,Done,ndonech@comsenz.com,Bigender,14.8.61.89
451,Bucky,McKoy,bmckoyci@cafepress.com,Non-binary,233.114.112.94
452,Ethe,Silverman,esilvermancj@sphinn.com,Genderqueer,150.234.252.151
453,Valentino,Stelle,vstelleck@moonfruit.com,Polygender,48.86.8.158
454,Herold,Gibben,hgibbencl@amazon.de,Agender,235.15.80.84
455,Leonora,Tomson,ltomsoncm@whitehouse.gov,Polygender,130.201.13.113
456,Matthaeus,Weddell,mweddellcn@wikia.com,Polygender,53.134.86.135
457,Salem,Glanert,sglanertco@examiner.com,Genderqueer,147.30.7.178
458,Norbie,McElvine,nmcelvinecp@nymag.com,Female,238.207.122.2
459,Jock,Warricker,jwarrickercq@purevolume.com,Bigender,214.183.148.142
460,Orton,Sargant,osargantcr@hubpages.com,Non-binary,131.255.216.6
461,Mikael,Fernandes,mfernandescs@hp.com,Genderqueer,179.109.97.23
462,Stormie,Fraulo,sfrauloct@yale.edu,Polygender,58.52.204.250
463,Cord,Steddall,csteddallcu@rakuten.co.jp,Female,131.52.236.144
464,Emelen,Hayden,ehaydencv@miitbeian.gov.cn,Genderqueer,17.169.221.129
465,Phylys,Arkow,parkowcw@hc360.com,Genderqueer,250.182.139.45
466,Lazare,Hawes,lhawescx@fastcompany.com,Male,123.35.84.125
467,Roderick,Hearse,rhearsecy@360.cn,Non-binary,0.27.58.21
468,Seamus,Simpole,ssimpolecz@wp.com,Polygender,20.155.126.15
469,Odey,Whisby,owhisbyd0@cyberchimps.com,Genderqueer,121.191.144.210
470,Harley,Grundy,hgrundyd1@tamu.edu,Genderqueer,31.115.14.152
471,Dietrich,Brafferton,dbraffertond2@yelp.com,Genderfluid,134.73.195.16
472,Emory,Ianizzi,eianizzid3@blogs.com,Non-binary,78.237.230.89
473,Reuben,Glasebrook,rglasebrookd4@upenn.edu,Female,48.49.47.190
474,Torry,Larman,tlarmand5@ow.ly,Agender,6.13.199.200
475,Langston,Drayn,ldraynd6@mysql.com,Genderqueer,27.102.126.127
476,Hardy,Olliffe,holliffed7@yellowpages.com,Genderfluid,205.91.225.8
477,Joellyn,Tremellan,jtremelland8@hhs.gov,Genderqueer,167.113.203.124
478,Jacobo,Amesbury,jamesburyd9@ezinearticles.com,Polygender,85.129.26.25
479,Raffarty,Ladbrook,rladbrookda@ovh.net,Genderfluid,132.59.136.215
480,Abe,Jerdein,ajerdeindb@boston.com,Bigender,73.94.99.218
481,Daniel,Padberry,dpadberrydc@chron.com,Non-binary,189.206.198.191
482,Kaja,Ferraretto,kferrarettodd@marketwatch.com,Genderqueer,167.87.150.197
483,Aura,McCarle,amccarlede@t-online.de,Agender,156.161.54.55
484,Calvin,Risom,crisomdf@goodreads.com,Male,191.8.191.116
485,Catina,Bradder,cbradderdg@imageshack.us,Male,179.47.17.199
486,Robin,Somner,rsomnerdh@cmu.edu,Genderfluid,196.52.223.220
487,Moyra,Goodbairn,mgoodbairndi@is.gd,Male,145.159.58.126
488,Tadd,Imort,timortdj@biglobe.ne.jp,Agender,110.35.3.125
489,Merle,Haughin,mhaughindk@elpais.com,Bigender,30.227.208.143
490,Umeko,Wagge,uwaggedl@issuu.com,Male,89.206.36.173
491,Josy,Mocquer,jmocquerdm@cargocollective.com,Female,205.158.5.226
492,Mary,Armes,marmesdn@hostgator.com,Genderqueer,153.38.43.239
493,Jacobo,Zielinski,jzielinskido@cornell.edu,Genderfluid,252.103.77.251
494,Mariam,Affuso,maffusodp@sciencedaily.com,Genderqueer,127.122.24.238
495,Robbie,Botwood,rbotwooddq@washington.edu,Genderfluid,47.54.52.46
496,Lilas,Lodemann,llodemanndr@usnews.com,Genderqueer,124.2.124.77
497,Lorelei,Phebey,lphebeyds@zimbio.com,Agender,23.18.70.116
498,Iosep,Bowshire,ibowshiredt@mayoclinic.com,Female,223.45.210.230
499,Gilberte,Smitheman,gsmithemandu@unblog.fr,Male,16.239.163.192
500,Lane,Doxey,ldoxeydv@netscape.com,Bigender,160.163.211.91
501,Babbie,Folliott,bfolliottdw@fastcompany.com,Female,210.135.125.241
502,Katrinka,Reuther,kreutherdx@goodreads.com,Genderqueer,76.117.203.45
503,Lina,O'Quin,loquindy@artisteer.com,Genderfluid,101.81.54.242
504,Otto,Shegog,oshegogdz@nydailynews.com,Male,146.129.68.201
505,Dorris,Stogill,dstogille0@imdb.com,Bigender,214.169.90.219
506,Gwendolin,Scholig,gscholige1@ted.com,Genderqueer,207.3.32.94
507,Lauri,MacSwayde,lmacswaydee2@sphinn.com,Male,156.16.71.162
508,Shurwood,Curror,scurrore3@barnesandnoble.com,Bigender,85.230.225.212
509,Pegeen,Jakobsson,pjakobssone4@eventbrite.com,Non-binary,242.192.72.154
510,Bert,Liff,bliffe5@yellowbook.com,Polygender,66.122.81.83
511,Morgan,Rustidge,mrustidgee6@freewebs.com,Agender,156.108.198.185
512,Saul,Hamprecht,shamprechte7@nps.gov,Non-binary,45.58.197.2
513,Frederich,Ephgrave,fephgravee8@vk.com,Agender,221.28.89.161
514,Griswold,Innes,ginnese9@diigo.com,Female,184.93.58.186
515,Gerianna,McEvay,gmcevayea@woothemes.com,Female,121.120.213.0
516,Maryjo,Pyecroft,mpyecrofteb@mayoclinic.com,Agender,105.142.126.91
517,Gretna,Agates,gagatesec@smh.com.au,Genderfluid,245.127.121.161
518,Mirella,Doick,mdoicked@devhub.com,Bigender,58.90.151.139
519,Ameline,Carlucci,acarlucciee@google.fr,Agender,111.241.67.96
520,Eryn,Eldritt,eeldrittef@hostgator.com,Bigender,192.32.31.238
521,Latrina,McRobert,lmcroberteg@disqus.com,Female,206.204.41.244
522,Margot,Knightsbridge,mknightsbridgeeh@google.com,Male,5.136.245.76
523,Pincas,Arlott,parlottei@w3.org,Female,129.46.247.119
524,Antoinette,Saffill,asaffillej@upenn.edu,Genderfluid,175.124.183.239
525,Rusty,Thorp,rthorpek@google.de,Polygender,20.254.222.26
526,Aurie,Fairbrass,afairbrassel@artisteer.com,Agender,141.198.247.151
527,Angy,Holbury,aholburyem@google.es,Male,150.107.255.124
528,Freida,Weildish,fweildishen@kickstarter.com,Genderqueer,64.78.86.234
529,Jori,Darke,jdarkeeo@arstechnica.com,Male,154.52.166.239
530,Yolanda,D'Onise,ydoniseep@fema.gov,Non-binary,81.72.4.182
531,Cathyleen,Allone,calloneeq@themeforest.net,Agender,21.16.17.133
532,Mavis,Assaf,massafer@bloglovin.com,Bigender,103.71.174.206
533,Lester,Blasgen,lblasgenes@earthlink.net,Male,13.151.111.61
534,Barnabas,Baccus,bbaccuset@topsy.com,Polygender,174.249.231.225
535,Jemimah,Bentke,jbentkeeu@devhub.com,Non-binary,148.188.110.18
536,Hal,Cadd,hcaddev@altervista.org,Genderqueer,193.229.88.126
537,Rhodie,Petche,rpetcheew@behance.net,Agender,38.119.217.86
538,Elvina,Pealing,epealingex@pinterest.com,Polygender,134.137.18.71
539,Emilio,Arling,earlingey@fda.gov,Agender,197.64.152.13
540,Joshua,Sieve,jsieveez@youtu.be,Genderqueer,93.62.25.60
541,Tiffany,Saturley,tsaturleyf0@tuttocitta.it,Male,49.152.156.202
542,Doreen,Wayvill,dwayvillf1@arizona.edu,Non-binary,49.12.68.87
543,Ron,Lemon,rlemonf2@nba.com,Genderqueer,62.140.115.198
544,Nisse,Casiero,ncasierof3@paginegialle.it,Polygender,125.12.115.30
545,Christel,Bortoli,cbortolif4@mapy.cz,Non-binary,197.136.186.177
546,Langsdon,Vooght,lvooghtf5@theatlantic.com,Non-binary,74.220.235.226
547,Goran,Bushell,gbushellf6@fema.gov,Non-binary,251.194.180.59
548,Jemmie,Arnopp,jarnoppf7@shop-pro.jp,Genderqueer,234.125.239.50
549,Wolfy,Jansen,wjansenf8@360.cn,Polygender,76.196.183.60
550,Rory,Yude,ryudef9@walmart.com,Genderqueer,185.111.102.205
551,Adrianna,Piniur,apiniurfa@mail.ru,Female,184.227.101.208
552,Danika,Boumphrey,dboumphreyfb@arizona.edu,Male,121.142.166.93
553,Sada,Edgcombe,sedgcombefc@geocities.com,Agender,37.163.75.209
554,Annice,Braunthal,abraunthalfd@independent.co.uk,Bigender,65.180.166.46
555,Wilma,Brugger,wbruggerfe@yahoo.co.jp,Female,58.213.143.235
556,Shurlocke,Darrigoe,sdarrigoeff@yandex.ru,Bigender,161.44.190.240
557,Jacqueline,De Ambrosi,jdeambrosifg@cargocollective.com,Genderfluid,226.73.189.247
558,Nelie,Ohanessian,nohanessianfh@altervista.org,Male,97.190.248.201
559,Tania,Hubbuck,thubbuckfi@usda.gov,Genderfluid,221.44.235.252
560,Yelena,Greener,ygreenerfj@salon.com,Genderqueer,167.49.97.254
561,Archie,Janouch,ajanouchfk@sakura.ne.jp,Genderfluid,202.160.208.116
562,Alf,Culvey,aculveyfl@sun.com,Bigender,194.10.10.88
563,Kathleen,Klauber,kklauberfm@answers.com,Bigender,210.206.251.178
564,Lanita,Kalderon,lkalderonfn@tamu.edu,Bigender,253.224.254.227
565,Cece,Copes,ccopesfo@bbc.co.uk,Genderfluid,116.192.233.10
566,Rube,Preedy,rpreedyfp@desdev.cn,Agender,100.141.151.188
567,Osgood,Goodboddy,ogoodboddyfq@scientificamerican.com,Genderqueer,247.219.173.171
568,Randolph,Lynett,rlynettfr@dagondesign.com,Non-binary,246.71.207.35
569,Pembroke,Mickleburgh,pmickleburghfs@issuu.com,Agender,45.237.223.179
570,Angelle,Greensides,agreensidesft@google.fr,Non-binary,132.73.126.149
571,Honey,Fletham,hflethamfu@unblog.fr,Male,205.202.69.182
572,Elliot,O'Dunneen,eodunneenfv@delicious.com,Polygender,113.203.161.194
573,Charlena,Ethelston,cethelstonfw@bbc.co.uk,Female,156.103.3.174
574,Brina,Milmore,bmilmorefx@tripadvisor.com,Male,43.205.153.228
575,Brodie,Terlinden,bterlindenfy@networkadvertising.org,Male,17.191.147.242
576,Lock,Vise,lvisefz@imdb.com,Female,32.125.41.158
577,Lia,Kahan,lkahang0@theglobeandmail.com,Bigender,162.216.199.2
578,Carol-jean,Shuttlewood,cshuttlewoodg1@amazonaws.com,Female,218.145.253.25
579,Sibyl,Patley,spatleyg2@umn.edu,Non-binary,31.216.131.102
580,Leontyne,Lapley,llapleyg3@oakley.com,Bigender,196.149.54.67
581,Silvanus,Axworthy,saxworthyg4@nsw.gov.au,Polygender,163.110.232.49
582,Herc,Haldenby,hhaldenbyg5@bigcartel.com,Non-binary,115.245.109.10
583,Mindy,Gosnell,mgosnellg6@techcrunch.com,Genderqueer,87.53.154.71
584,Ray,Lilie,rlilieg7@pcworld.com,Agender,162.252.65.104
585,Elna,Trickett,etrickettg8@ucla.edu,Genderqueer,106.143.123.104
586,Sheba,Peacher,speacherg9@trellian.com,Polygender,158.111.85.103
587,Beauregard,Snepp,bsneppga@booking.com,Male,143.70.54.179
588,Dene,Stanier,dstaniergb@livejournal.com,Male,103.174.59.6
589,Charo,Cordell,ccordellgc@cisco.com,Genderfluid,54.129.11.236
590,Sande,Fyall,sfyallgd@nsw.gov.au,Male,179.35.182.225
591,Delano,Madgin,dmadginge@state.tx.us,Genderqueer,80.251.195.120
592,Tuck,Folliss,tfollissgf@techcrunch.com,Female,161.23.122.17
593,Xavier,Clementucci,xclementuccigg@msu.edu,Non-binary,51.142.212.211
594,Berky,Antoniewicz,bantoniewiczgh@epa.gov,Bigender,162.27.247.73
595,Latrina,Mayte,lmaytegi@networkadvertising.org,Female,0.216.175.52
596,Hester,Haggerwood,hhaggerwoodgj@twitpic.com,Male,162.170.40.254
597,Toni,De Ferrari,tdeferrarigk@aol.com,Agender,121.173.76.48
598,Hart,Aspel,haspelgl@businessweek.com,Non-binary,195.162.172.173
599,Dita,Attack,dattackgm@tmall.com,Non-binary,91.26.108.139
600,Kiri,Fratson,kfratsongn@reverbnation.com,Genderfluid,124.165.216.157
601,Ardine,Cooch,acoochgo@smugmug.com,Non-binary,196.186.180.89
602,Terri-jo,Van den Velde,tvandenveldegp@hibu.com,Agender,68.110.21.132
603,Sindee,Jephson,sjephsongq@mapy.cz,Male,149.63.41.151
604,Ashli,McInility,amcinilitygr@nyu.edu,Non-binary,1.199.173.80
605,Gideon,Yurkov,gyurkovgs@thetimes.co.uk,Genderqueer,37.76.25.87
606,Ami,Van Arsdalen,avanarsdalengt@friendfeed.com,Non-binary,123.192.111.159
607,Peria,MacAdie,pmacadiegu@imageshack.us,Agender,208.244.236.184
608,Maybelle,Ford,mfordgv@twitter.com,Bigender,79.127.139.103
609,Fredrika,Pountney,fpountneygw@wsj.com,Agender,84.214.225.10
610,Dion,Noury,dnourygx@edublogs.org,Genderfluid,232.12.238.49
611,Raul,Rollitt,rrollittgy@g.co,Male,31.199.252.143
612,Fredi,Smedley,fsmedleygz@nbcnews.com,Genderqueer,109.131.67.96
613,Fabiano,Gerren,fgerrenh0@blogspot.com,Genderfluid,65.31.237.126
614,Cindelyn,Gantlett,cgantletth1@sogou.com,Bigender,152.139.241.181
615,Portie,Stranieri,pstranierih2@dailymotion.com,Non-binary,103.201.38.227
616,Philippine,Ramsbottom,pramsbottomh3@imageshack.us,Male,248.123.203.228
617,Gaile,Seater,gseaterh4@unesco.org,Polygender,62.132.164.122
618,Gualterio,Kettlestring,gkettlestringh5@narod.ru,Genderfluid,34.167.207.18
619,Christy,Dunkerton,cdunkertonh6@123-reg.co.uk,Bigender,160.180.169.244
620,Latrina,Willishire,lwillishireh7@myspace.com,Genderqueer,220.37.202.184
621,Gusty,Whitland,gwhitlandh8@drupal.org,Male,143.58.27.39
622,Coletta,Clemerson,cclemersonh9@bravesites.com,Bigender,117.217.81.74
623,Hilary,Western,hwesternha@wikia.com,Polygender,104.122.73.227
624,Waylan,Le Brom,wlebromhb@creativecommons.org,Genderqueer,22.192.85.104
625,Maryjo,Dikelin,mdikelinhc@rakuten.co.jp,Polygender,149.237.145.195
626,Zarla,Harmon,zharmonhd@ebay.co.uk,Female,239.12.45.23
627,Julia,Dei,jdeihe@wufoo.com,Genderqueer,217.66.173.195
628,Kippie,Randal,krandalhf@ocn.ne.jp,Female,209.216.20.110
629,Ashby,Gerb,agerbhg@google.com.au,Female,87.55.167.30
630,Kendrick,Ranscombe,kranscombehh@hp.com,Genderqueer,170.114.109.216
631,Grove,Plaxton,gplaxtonhi@state.tx.us,Male,187.120.0.58
632,Coop,Sowood,csowoodhj@nationalgeographic.com,Genderqueer,64.253.77.218
633,Elsbeth,Gaskarth,egaskarthhk@scribd.com,Bigender,140.74.117.251
634,Stacee,Alibone,salibonehl@google.com.au,Agender,244.227.212.76
635,Charlton,Chippendale,cchippendalehm@wikispaces.com,Genderqueer,230.33.159.24
636,Barri,Newson,bnewsonhn@cisco.com,Bigender,154.141.7.242
637,Shayna,Salvin,ssalvinho@rakuten.co.jp,Genderqueer,23.114.139.192
638,Theodoric,Van der Kruis,tvanderkruishp@mit.edu,Male,51.251.72.240
639,Reeva,Ticic,rticichq@nih.gov,Agender,192.94.123.215
640,Glenda,Hayth,ghaythhr@istockphoto.com,Female,22.43.170.34
641,Reynolds,Elt,relths@purevolume.com,Bigender,168.205.213.120
642,Ossie,Iuorio,oiuorioht@privacy.gov.au,Non-binary,56.68.23.66
643,Izak,Bertson,ibertsonhu@ca.gov,Male,196.100.199.101
644,Judie,Jealous,jjealoushv@ox.ac.uk,Non-binary,149.193.188.239
645,Augustina,Fetherston,afetherstonhw@amazon.de,Non-binary,176.148.189.65
646,Yovonnda,Harvard,yharvardhx@intel.com,Male,80.181.132.207
647,Marci,Flanigan,mflaniganhy@sbwire.com,Polygender,244.195.255.120
648,Alissa,Moir,amoirhz@shinystat.com,Polygender,72.129.98.217
649,Burgess,Nacci,bnaccii0@sogou.com,Male,162.184.44.114
650,Loretta,Ottewill,lottewilli1@ox.ac.uk,Bigender,19.79.51.250
651,Lisle,Lerven,llerveni2@nifty.com,Genderqueer,115.34.167.255
652,Etty,Dawidsohn,edawidsohni3@baidu.com,Genderfluid,1.0.146.20
653,Lizabeth,Baston,lbastoni4@phoca.cz,Polygender,47.133.148.235
654,Anetta,Rothon,arothoni5@wix.com,Bigender,173.83.63.65
655,Pierrette,Jorin,pjorini6@seesaa.net,Genderfluid,12.44.48.21
656,Brigitte,Ellor,bellori7@github.io,Genderfluid,98.228.220.167
657,Ashien,Hosby,ahosbyi8@usatoday.com,Polygender,186.31.177.146
658,Portie,Brantzen,pbrantzeni9@upenn.edu,Polygender,197.112.115.112
659,Rickie,Jolliss,rjollissia@phoca.cz,Male,118.96.48.234
660,Kissee,Donisi,kdonisiib@bing.com,Male,227.27.105.72
661,Lil,Olsson,lolssonic@devhub.com,Genderfluid,249.24.76.236
662,Elie,Cawthera,ecawtheraid@army.mil,Genderfluid,200.106.13.75
663,Rhianna,Autin,rautinie@boston.com,Genderqueer,150.67.188.15
664,Lavina,Reichhardt,lreichhardtif@bloomberg.com,Bigender,216.11.143.124
665,Benny,Pamment,bpammentig@squidoo.com,Genderqueer,229.119.84.119
666,Pegeen,Wingrove,pwingroveih@aboutads.info,Polygender,26.12.170.125
667,Davis,Revening,dreveningii@arstechnica.com,Male,98.197.190.224
668,Storm,Wyllcocks,swyllcocksij@webmd.com,Polygender,247.44.206.72
669,Carita,Wardingly,cwardinglyik@pcworld.com,Genderqueer,226.50.243.86
670,Francklyn,Andrzejak,fandrzejakil@miitbeian.gov.cn,Bigender,66.188.156.34
671,Eugen,Headey,eheadeyim@fema.gov,Genderqueer,184.12.176.75
672,Cchaddie,Wilber,cwilberin@nba.com,Bigender,16.104.23.81
673,Zenia,Earthfield,zearthfieldio@ezinearticles.com,Polygender,4.184.228.113
674,Errol,Renahan,erenahanip@go.com,Agender,109.117.42.225
675,Kurtis,Rawood,krawoodiq@xing.com,Bigender,62.12.202.205
676,Madella,Lyddon,mlyddonir@pbs.org,Non-binary,23.48.56.229
677,Devina,Keywood,dkeywoodis@people.com.cn,Genderfluid,85.130.239.202
678,Alix,Robuchon,arobuchonit@lulu.com,Female,32.67.113.130
679,Camey,Munnion,cmunnioniu@cyberchimps.com,Male,119.128.164.11
680,Isaak,Hockell,ihockelliv@cornell.edu,Non-binary,242.249.101.185
681,Constanta,Hartin,chartiniw@merriam-webster.com,Bigender,214.9.6.44
682,Lyndel,Bernlin,lbernlinix@1und1.de,Genderfluid,236.89.56.223
683,Corrine,Terbeek,cterbeekiy@nhs.uk,Genderqueer,137.63.110.143
684,Violette,Gert,vgertiz@slate.com,Non-binary,95.124.216.127
685,Damara,Yakhin,dyakhinj0@google.de,Genderfluid,88.194.79.209
686,Hermie,Geoghegan,hgeogheganj1@bloglines.com,Agender,101.235.46.84
687,Jessie,Lefridge,jlefridgej2@csmonitor.com,Bigender,2.213.233.236
688,Margaux,Sancraft,msancraftj3@hc360.com,Female,63.171.240.247
689,Lorry,Bentinck,lbentinckj4@youku.com,Bigender,49.110.134.85
690,Kelley,Forward,kforwardj5@opera.com,Non-binary,144.219.161.165
691,Marcelo,Semon,msemonj6@sfgate.com,Genderfluid,38.134.108.190
692,Barri,Strike,bstrikej7@cyberchimps.com,Bigender,73.106.47.153
693,Dianne,Bearsmore,dbearsmorej8@ft.com,Agender,130.35.191.12
694,Trey,Ciotti,tciottij9@bloglines.com,Male,93.131.157.219
695,Gus,McKeand,gmckeandja@godaddy.com,Genderfluid,40.103.28.238
696,Archambault,Mugg,amuggjb@engadget.com,Genderqueer,147.36.185.170
697,Sunny,Woodroof,swoodroofjc@google.cn,Female,10.251.225.25
698,Teddi,Got,tgotjd@netscape.com,Polygender,111.98.160.24
699,Luciana,Immings,limmingsje@wiley.com,Agender,58.27.90.247
700,Jefferey,Mattityahou,jmattityahoujf@ft.com,Genderqueer,249.111.145.87
701,Zitella,Hearse,zhearsejg@techcrunch.com,Non-binary,28.157.36.44
702,Clevie,Newsham,cnewshamjh@jalbum.net,Agender,16.109.215.1
703,Shem,Corsan,scorsanji@dailymail.co.uk,Genderfluid,106.43.245.83
704,Cordie,Sparling,csparlingjj@tuttocitta.it,Bigender,54.187.124.55
705,Luigi,Fortin,lfortinjk@google.it,Female,67.13.56.255
706,Peadar,De Vaux,pdevauxjl@about.me,Female,129.64.198.9
707,Julienne,Waker,jwakerjm@surveymonkey.com,Genderfluid,157.131.194.74
708,Giraldo,Plumer,gplumerjn@engadget.com,Male,117.147.118.254
709,Carissa,Gonning,cgonningjo@go.com,Agender,56.242.153.165
710,Leila,McCutheon,lmccutheonjp@bbb.org,Non-binary,84.133.87.42
711,Obadiah,Noden,onodenjq@icq.com,Genderfluid,67.6.8.135
712,Tierney,Hogbin,thogbinjr@livejournal.com,Agender,83.1.82.245
713,Dorthea,Comellini,dcomellinijs@ebay.com,Female,111.56.61.118
714,Heidie,Giovannini,hgiovanninijt@gravatar.com,Agender,92.124.229.0
715,Ambrose,Copplestone,acopplestoneju@infoseek.co.jp,Male,88.20.67.164
716,Brit,Witts,bwittsjv@redcross.org,Genderfluid,44.119.124.204
717,Maureene,Valencia,mvalenciajw@eepurl.com,Polygender,96.84.149.105
718,Bradly,Routhorn,brouthornjx@cornell.edu,Genderqueer,52.53.155.125
719,Bradan,Palatino,bpalatinojy@posterous.com,Genderfluid,118.218.70.246
720,Levin,Kettlestring,lkettlestringjz@stumbleupon.com,Genderqueer,211.98.16.171
721,Rafa,Rymmer,rrymmerk0@time.com,Genderqueer,178.228.59.167
722,Ewan,Stotherfield,estotherfieldk1@ehow.com,Agender,154.114.252.235
723,Pammie,Khilkov,pkhilkovk2@bloglovin.com,Male,123.253.12.78
724,Waylin,Prandoni,wprandonik3@oakley.com,Bigender,59.85.78.35
725,Evangelina,Standley,estandleyk4@go.com,Polygender,101.126.206.247
726,Debee,Largan,dlargank5@chicagotribune.com,Female,160.157.11.169
727,Linnell,Bladen,lbladenk6@hao123.com,Female,38.67.195.87
728,Chancey,Waudby,cwaudbyk7@tmall.com,Polygender,200.160.195.131
729,Marsh,Doul,mdoulk8@lycos.com,Male,213.192.217.187
730,Napoleon,Semark,nsemarkk9@salon.com,Genderfluid,17.36.136.170
731,Mathian,Sygrove,msygroveka@hibu.com,Female,28.68.132.187
732,Georgy,Pottie,gpottiekb@psu.edu,Agender,215.134.192.78
733,Paquito,Gammidge,pgammidgekc@twitter.com,Genderfluid,208.216.10.72
734,Peri,Thowless,pthowlesskd@blogger.com,Genderfluid,135.244.103.171
735,Saundra,Sterman,sstermanke@com.com,Agender,114.237.170.127
736,Lowell,Cogzell,lcogzellkf@blogs.com,Male,252.139.200.223
737,Alford,Basant,abasantkg@hexun.com,Polygender,177.175.252.200
738,Bruno,McClymond,bmcclymondkh@cdc.gov,Bigender,211.250.47.219
739,Frayda,Addis,faddiski@jugem.jp,Genderfluid,182.221.39.17
740,Homerus,Fasey,hfaseykj@people.com.cn,Polygender,29.137.206.64
741,Axel,Backsal,abacksalkk@princeton.edu,Genderfluid,70.53.101.26
742,Hewe,Hubane,hhubanekl@theguardian.com,Polygender,207.77.39.244
743,Malissia,Budik,mbudikkm@squarespace.com,Genderfluid,239.35.85.191
744,Rickie,Bamlett,rbamlettkn@jalbum.net,Bigender,29.2.146.62
745,Glenda,Genery,ggeneryko@blog.com,Agender,134.12.64.23
746,Jeanne,Kingett,jkingettkp@taobao.com,Agender,251.125.57.188
747,Deina,Buessen,dbuessenkq@acquirethisname.com,Non-binary,14.225.200.196
748,Viole,Ackermann,vackermannkr@ucoz.com,Polygender,52.98.136.116
749,Madonna,Attwooll,mattwoollks@engadget.com,Non-binary,66.167.181.138
750,Effie,Dallicoat,edallicoatkt@dagondesign.com,Non-binary,4.231.40.57
751,Jacinta,Paylie,jpaylieku@purevolume.com,Male,104.17.64.69
752,Bertie,Desquesnes,bdesquesneskv@wix.com,Male,191.245.2.252
753,Maynord,Buxy,mbuxykw@telegraph.co.uk,Male,28.90.91.34
754,Reinold,Pattemore,rpattemorekx@examiner.com,Agender,82.132.180.20
755,Aurilia,Khomin,akhominky@europa.eu,Genderqueer,89.86.141.171
756,Booth,Wilbud,bwilbudkz@purevolume.com,Non-binary,227.129.59.187
757,Almeta,Moiser,amoiserl0@wiley.com,Non-binary,29.232.45.184
758,Charis,Narramore,cnarramorel1@paginegialle.it,Genderfluid,251.36.6.171
759,Frieda,Retchford,fretchfordl2@un.org,Polygender,211.50.212.157
760,Cary,Cazalet,ccazaletl3@geocities.jp,Non-binary,70.57.101.118
761,Libbie,Troyes,ltroyesl4@lulu.com,Bigender,3.182.194.117
762,Devora,MacParland,dmacparlandl5@huffingtonpost.com,Agender,248.52.8.221
763,Abram,Othick,aothickl6@google.de,Non-binary,196.35.155.183
764,Emmy,Koppes,ekoppesl7@istockphoto.com,Polygender,37.148.70.111
765,Patrick,Crosscombe,pcrosscombel8@geocities.com,Genderqueer,171.20.172.50
766,Vernice,Guinnane,vguinnanel9@mapy.cz,Female,223.65.223.176
767,Stephenie,Cush,scushla@merriam-webster.com,Non-binary,54.139.5.27
768,Del,Caroll,dcarolllb@skyrock.com,Genderfluid,224.174.57.217
769,Ambrosio,Joddins,ajoddinslc@trellian.com,Bigender,141.72.238.131
770,Marguerite,Gladbeck,mgladbeckld@google.co.uk,Female,85.58.106.25
771,Aldwin,Leyes,aleyesle@engadget.com,Bigender,41.50.173.229
772,Irene,Neachell,ineachelllf@angelfire.com,Female,46.99.10.248
773,Rafi,Bushaway,rbushawaylg@cisco.com,Bigender,34.126.191.17
774,Idalina,Rotherham,irotherhamlh@tripod.com,Non-binary,95.253.227.36
775,Iorgo,Cottage,icottageli@nyu.edu,Agender,152.206.19.215
776,Joaquin,Clac,jclaclj@imdb.com,Male,49.22.190.63
777,Margaret,Dysart,mdysartlk@posterous.com,Male,231.64.234.135
778,Neala,Olijve,nolijvell@wikia.com,Polygender,177.125.164.160
779,Katleen,Inch,kinchlm@symantec.com,Male,228.243.37.1
780,Whitney,McDyer,wmcdyerln@sfgate.com,Polygender,127.102.210.175
781,Joachim,Torvey,jtorveylo@domainmarket.com,Agender,152.63.48.124
782,Victor,Laudham,vlaudhamlp@webnode.com,Polygender,168.202.78.168
783,Hodge,Hubeaux,hhubeauxlq@yellowbook.com,Genderqueer,111.178.157.250
784,Lori,Oriel,loriellr@liveinternet.ru,Polygender,9.134.177.253
785,Carolann,Jedrzejewicz,cjedrzejewiczls@apache.org,Genderqueer,22.58.139.103
786,Terrance,Holworth,tholworthlt@sourceforge.net,Bigender,10.135.133.57
787,Mildrid,Skuce,mskucelu@newyorker.com,Bigender,66.182.242.179
788,Ogden,Ianniello,oianniellolv@miitbeian.gov.cn,Genderfluid,139.227.73.23
789,Elliot,Beenham,ebeenhamlw@fastcompany.com,Bigender,70.55.184.126
790,Ianthe,Avraam,iavraamlx@ameblo.jp,Non-binary,131.98.218.63
791,Elizabet,Dayce,edaycely@delicious.com,Genderfluid,192.74.250.111
792,Terry,Jore,tjorelz@bloglovin.com,Non-binary,115.212.17.33
793,Cicily,Dickens,cdickensm0@dagondesign.com,Genderqueer,124.209.208.138
794,Anna-diana,Bamlett,abamlettm1@state.gov,Polygender,14.42.145.225
795,Billi,Brennand,bbrennandm2@skype.com,Polygender,46.6.30.248
796,Tiffy,Tate,ttatem3@mapquest.com,Male,105.144.161.237
797,Vail,McSperron,vmcsperronm4@cisco.com,Female,223.232.199.225
798,Avictor,Pennigar,apennigarm5@qq.com,Genderqueer,56.238.2.232
799,Malinda,Doppler,mdopplerm6@nationalgeographic.com,Genderfluid,224.98.85.153
800,Juline,Lightbourn,jlightbournm7@intel.com,Female,2.151.188.194
801,Clari,Griffin,cgriffinm8@vistaprint.com,Female,109.235.255.130
802,Tyson,Greener,tgreenerm9@hexun.com,Genderfluid,146.170.117.126
803,Leena,Sandon,lsandonma@jalbum.net,Genderqueer,196.4.65.190
804,Oran,Lister,olistermb@networkadvertising.org,Agender,173.154.229.53
805,Berni,Gater,bgatermc@surveymonkey.com,Female,212.26.212.126
806,Farr,Gronaller,fgronallermd@usatoday.com,Bigender,9.118.95.235
807,Sallyanne,De Brett,sdebrettme@goo.ne.jp,Genderfluid,213.179.247.240
808,Emmeline,O' Culligan,eoculliganmf@cnbc.com,Bigender,95.67.192.239
809,Chan,Condon,ccondonmg@cisco.com,Bigender,166.55.193.189
810,Mychal,Potell,mpotellmh@wired.com,Agender,144.131.21.55
811,Rhona,Lyness,rlynessmi@weebly.com,Genderqueer,28.214.12.107
812,Stephani,Dabner,sdabnermj@gnu.org,Bigender,219.216.225.238
813,Nydia,Gorch,ngorchmk@blogs.com,Genderqueer,128.108.185.69
814,Ashien,McKerley,amckerleyml@networkadvertising.org,Bigender,220.243.7.76
815,Michal,Grout,mgroutmm@amazon.com,Bigender,90.90.193.200
816,Tulley,Midlar,tmidlarmn@google.com.au,Genderqueer,225.82.54.24
817,Merrily,Frugier,mfrugiermo@washington.edu,Agender,166.153.164.106
818,Harriett,Evershed,hevershedmp@bbc.co.uk,Bigender,202.89.23.118
819,Viki,Tuvey,vtuveymq@discovery.com,Bigender,73.169.103.146
820,Lilia,Ciardo,lciardomr@nba.com,Genderfluid,134.119.10.22
821,Tim,Hacquoil,thacquoilms@sourceforge.net,Genderqueer,186.252.226.16
822,Murray,Fierro,mfierromt@google.com.au,Polygender,109.111.120.187
823,Berni,Candish,bcandishmu@chron.com,Male,124.181.22.138
824,Lance,Gollard,lgollardmv@dell.com,Genderfluid,122.237.150.176
825,Etienne,Sentinella,esentinellamw@gov.uk,Male,15.60.1.249
826,Rriocard,Fletham,rflethammx@loc.gov,Genderfluid,142.200.179.89
827,Yorke,Berlin,yberlinmy@engadget.com,Genderqueer,91.8.91.240
828,Shelley,Snoday,ssnodaymz@amazon.co.jp,Genderfluid,158.91.67.151
829,Bastien,Becke,bbecken0@house.gov,Polygender,251.226.93.75
830,Sibylla,Percifer,spercifern1@europa.eu,Genderqueer,50.192.72.44
831,Chloris,MacCaughey,cmaccaugheyn2@linkedin.com,Genderqueer,1.204.63.222
832,Finn,Salway,fsalwayn3@privacy.gov.au,Non-binary,184.141.189.83
833,Gipsy,Fitzackerley,gfitzackerleyn4@dyndns.org,Polygender,44.78.170.178
834,Temple,Lake,tlaken5@bandcamp.com,Non-binary,195.116.244.178
835,Quintus,Ginnell,qginnelln6@ca.gov,Genderfluid,21.148.40.139
836,Diarmid,Titterington,dtitteringtonn7@addthis.com,Agender,29.123.49.75
837,Birch,Gloy,bgloyn8@storify.com,Non-binary,65.10.25.131
838,Katrina,Meconi,kmeconin9@thetimes.co.uk,Genderfluid,246.228.57.208
839,Lu,Diable,ldiablena@github.com,Genderqueer,246.91.221.217
840,Archie,Molineux,amolineuxnb@pagesperso-orange.fr,Male,217.234.244.137
841,Nealson,Wonter,nwonternc@sphinn.com,Non-binary,181.217.85.226
842,Sarita,Moulder,smouldernd@pcworld.com,Polygender,203.147.59.211
843,Loree,Piscopiello,lpiscopiellone@weibo.com,Genderqueer,17.161.70.154
844,Carlyle,Agutter,cagutternf@xrea.com,Non-binary,138.183.118.164
845,Winna,Dron,wdronng@wired.com,Polygender,109.242.173.114
846,Aprilette,Radloff,aradloffnh@acquirethisname.com,Genderfluid,238.218.221.222
847,Vachel,Crosse,vcrosseni@wix.com,Male,236.118.84.216
848,Dun,Wanjek,dwanjeknj@blinklist.com,Female,103.29.14.195
849,Blinny,Timoney,btimoneynk@aol.com,Non-binary,197.176.33.238
850,Kittie,Christescu,kchristescunl@nbcnews.com,Non-binary,102.179.142.86
851,Andras,Barron,abarronnm@wikispaces.com,Non-binary,113.117.153.86
852,Charissa,Florez,cfloreznn@biblegateway.com,Genderfluid,108.178.188.158
853,Mohandas,Arlow,marlowno@economist.com,Female,113.14.36.207
854,Bibbye,Barwick,bbarwicknp@gmpg.org,Polygender,162.8.29.145
855,Dawna,Yanshonok,dyanshonoknq@wisc.edu,Female,73.29.180.103
856,Avigdor,Yard,ayardnr@printfriendly.com,Agender,97.216.160.14
857,Zea,Chapelhow,zchapelhowns@icq.com,Female,66.75.242.106
858,Lillian,Woodwind,lwoodwindnt@rambler.ru,Genderfluid,201.70.224.2
859,Sigrid,Guile,sguilenu@engadget.com,Genderfluid,133.223.157.138
860,Vere,Bridgland,vbridglandnv@mysql.com,Agender,212.171.62.215
861,Tiler,Macilhench,tmacilhenchnw@answers.com,Female,127.242.199.163
862,Allison,Stockau,astockaunx@phpbb.com,Male,35.184.98.164
863,Ginnie,Moylane,gmoylaneny@woothemes.com,Non-binary,210.179.68.97
864,Phip,Haydney,phaydneynz@twitter.com,Genderqueer,227.251.138.58
865,Anne-corinne,Eadon,aeadono0@sina.com.cn,Polygender,146.76.247.206
866,Demetris,Daulby,ddaulbyo1@people.com.cn,Female,31.175.16.81
867,Meghan,McKeran,mmckerano2@paypal.com,Bigender,81.64.200.211
868,Phaedra,Eefting,peeftingo3@apple.com,Female,29.29.46.118
869,Lynett,Teenan,lteenano4@wordpress.org,Non-binary,24.52.50.211
870,Sadie,Fevier,sfeviero5@yelp.com,Genderqueer,45.185.208.184
871,Tanny,Mattys,tmattyso6@blog.com,Genderfluid,194.217.54.253
872,Jerrylee,Shenfisch,jshenfischo7@bloglines.com,Female,61.234.100.160
873,Chrissy,Malyon,cmalyono8@google.es,Non-binary,135.82.12.30
874,Robenia,Spowage,rspowageo9@sina.com.cn,Agender,32.125.76.46
875,Taffy,Newall,tnewalloa@mediafire.com,Male,237.42.20.92
876,Wendie,Ibbotson,wibbotsonob@whitehouse.gov,Genderfluid,174.140.191.17
877,Haskel,Warren,hwarrenoc@prlog.org,Polygender,111.241.152.153
878,Russell,Hundell,rhundellod@themeforest.net,Male,126.72.245.112
879,Ephrayim,Saur,esauroe@eventbrite.com,Non-binary,86.252.146.164
880,Vere,Riding,vridingof@list-manage.com,Female,196.40.16.115
881,Colline,Jahns,cjahnsog@newsvine.com,Male,50.170.162.105
882,Jodie,Ridd,jriddoh@cnn.com,Non-binary,124.108.122.230
883,Brandtr,Godart,bgodartoi@ibm.com,Genderqueer,195.10.8.171
884,Shayna,Pointin,spointinoj@sbwire.com,Polygender,187.49.172.158
885,Libbie,Bremeyer,lbremeyerok@msn.com,Genderqueer,14.149.237.0
886,Barbee,McEwen,bmcewenol@unicef.org,Bigender,129.77.132.182
887,Tymothy,Ibotson,tibotsonom@fotki.com,Non-binary,141.59.80.26
888,Florri,Scoble,fscobleon@parallels.com,Genderqueer,45.66.23.68
889,Lenka,Shoreman,lshoremanoo@huffingtonpost.com,Polygender,205.65.173.248
890,Manuel,Castletine,mcastletineop@youku.com,Genderqueer,72.129.240.29
891,Dianemarie,Savin,dsavinoq@wsj.com,Bigender,233.117.183.55
892,Jenna,Chinnick,jchinnickor@webeden.co.uk,Non-binary,210.208.96.72
893,Eldredge,Locarno,elocarnoos@economist.com,Agender,74.59.26.249
894,Scotti,Kuhlmey,skuhlmeyot@moonfruit.com,Polygender,184.43.233.204
895,Willy,Scarsbrooke,wscarsbrookeou@cnn.com,Bigender,141.113.80.115
896,Myrah,Capponer,mcapponerov@odnoklassniki.ru,Female,107.49.199.147
897,Dorie,Station,dstationow@smh.com.au,Genderqueer,185.244.85.223
898,Dana,Raye,drayeox@japanpost.jp,Genderqueer,185.9.225.126
899,Sheeree,Alldridge,salldridgeoy@netscape.com,Male,92.212.134.0
900,Anthia,Tolmie,atolmieoz@cpanel.net,Genderfluid,247.61.32.238
901,Sherwin,Smail,ssmailp0@vkontakte.ru,Non-binary,45.243.195.32
902,Diane,Valenta,dvalentap1@vkontakte.ru,Genderfluid,39.31.55.50
903,Carny,Klinck,cklinckp2@imageshack.us,Non-binary,192.201.251.144
904,Meridith,Standring,mstandringp3@usa.gov,Male,186.245.173.46
905,Toddy,Matiebe,tmatiebep4@zimbio.com,Bigender,242.16.182.55
906,Ami,Theml,athemlp5@google.fr,Female,135.90.213.177
907,Janine,Hinks,jhinksp6@bbb.org,Agender,110.26.151.114
908,Demetris,Meric,dmericp7@chicagotribune.com,Male,178.169.221.33
909,Kermy,McGrann,kmcgrannp8@scribd.com,Agender,54.88.40.208
910,Elberta,Dove,edovep9@hhs.gov,Non-binary,219.42.103.227
911,Wilie,Gross,wgrosspa@ocn.ne.jp,Genderqueer,197.60.182.55
912,Rozina,Polk,rpolkpb@t-online.de,Non-binary,38.10.131.186
913,Bird,Crut,bcrutpc@barnesandnoble.com,Genderfluid,207.117.135.67
914,Wolf,Durant,wdurantpd@boston.com,Non-binary,151.53.201.239
915,Bibbye,Haeslier,bhaeslierpe@vinaora.com,Female,135.39.187.58
916,Henka,Mountfort,hmountfortpf@gizmodo.com,Agender,112.253.96.130
917,Stan,Kantor,skantorpg@diigo.com,Agender,5.174.91.48
918,Ira,Elkins,ielkinsph@yale.edu,Agender,172.78.179.82
919,Melodee,Masson,mmassonpi@acquirethisname.com,Female,197.3.138.4
920,Elias,Ricarde,ericardepj@yahoo.co.jp,Bigender,32.206.17.147
921,Annalise,Pickerell,apickerellpk@nature.com,Genderfluid,21.146.134.26
922,Powell,Gullen,pgullenpl@java.com,Female,191.250.52.170
923,Gisella,Josefowicz,gjosefowiczpm@storify.com,Genderqueer,94.219.214.82
924,Reed,Degli Antoni,rdegliantonipn@constantcontact.com,Genderfluid,207.119.5.134
925,Janenna,Dodgson,jdodgsonpo@1688.com,Female,211.231.125.193
926,Larisa,Champkin,lchampkinpp@earthlink.net,Male,173.254.109.10
927,Marci,Richarz,mricharzpq@bbb.org,Agender,128.190.187.72
928,Chrisy,Bosdet,cbosdetpr@freewebs.com,Male,143.27.247.185
929,Ryun,Tocqueville,rtocquevilleps@cbsnews.com,Bigender,55.87.193.145
930,Karola,Beston,kbestonpt@cpanel.net,Male,137.140.8.176
931,Ermentrude,Bisatt,ebisattpu@wufoo.com,Female,173.26.111.37
932,Kristi,Grinsdale,kgrinsdalepv@ning.com,Female,80.23.148.106
933,Garrard,Gres,ggrespw@jigsy.com,Polygender,37.26.158.44
934,Juan,Andrick,jandrickpx@ebay.com,Polygender,47.42.60.90
935,Caria,Redfern,credfernpy@princeton.edu,Non-binary,54.33.219.77
936,Frankie,Chestle,fchestlepz@free.fr,Polygender,82.187.78.52
937,Patrizius,Woollaston,pwoollastonq0@odnoklassniki.ru,Male,104.22.176.159
938,Violet,Southerton,vsouthertonq1@google.com,Polygender,252.161.57.64
939,Burl,Halfacre,bhalfacreq2@google.com.au,Agender,79.108.129.210
940,Ed,Manley,emanleyq3@amazon.co.jp,Bigender,210.248.81.32
941,Cris,Bourhill,cbourhillq4@weibo.com,Male,123.227.119.133
942,Kleon,Orteau,korteauq5@comsenz.com,Female,163.58.143.254
943,Avie,Thaxton,athaxtonq6@gravatar.com,Non-binary,123.169.9.40
944,Dianne,Kovnot,dkovnotq7@about.com,Genderfluid,109.249.50.183
945,Car,Cogzell,ccogzellq8@google.nl,Bigender,217.46.177.159
946,Nellie,Halsted,nhalstedq9@clickbank.net,Polygender,65.219.92.81
947,Roslyn,Fleury,rfleuryqa@cloudflare.com,Agender,77.0.199.8
948,Tull,De Maria,tdemariaqb@fda.gov,Agender,194.32.91.226
949,Jenica,Philbrick,jphilbrickqc@china.com.cn,Genderqueer,193.122.53.71
950,Teddie,Biesty,tbiestyqd@tripod.com,Genderqueer,176.69.180.74
951,Margareta,Konneke,mkonnekeqe@webnode.com,Polygender,240.161.240.99
952,Ciel,Carous,ccarousqf@time.com,Non-binary,4.94.106.138
953,Wain,Radleigh,wradleighqg@nytimes.com,Female,57.156.119.4
954,Selle,Firmin,sfirminqh@simplemachines.org,Polygender,182.178.98.90
955,Ulrike,Wilbor,uwilborqi@sphinn.com,Bigender,130.212.230.240
956,Nedda,Boots,nbootsqj@aboutads.info,Genderfluid,184.89.63.195
957,Nikki,Cardew,ncardewqk@kickstarter.com,Genderqueer,48.191.170.0
958,Alvinia,Lorkings,alorkingsql@usnews.com,Non-binary,151.103.51.65
959,Darrick,Hilland,dhillandqm@home.pl,Genderfluid,81.121.183.84
960,Allayne,Bortolotti,abortolottiqn@gnu.org,Genderfluid,60.110.177.167
961,Julianna,Trousdell,jtrousdellqo@harvard.edu,Genderfluid,16.90.31.87
962,Yule,Boner,ybonerqp@loc.gov,Female,95.162.188.2
963,Hobey,Snashall,hsnashallqq@smh.com.au,Genderfluid,152.242.63.72
964,Galven,Hubbock,ghubbockqr@foxnews.com,Agender,74.247.1.196
965,Elonore,Cusick,ecusickqs@walmart.com,Genderfluid,30.246.78.51
966,Laurice,Regardsoe,lregardsoeqt@google.com.hk,Female,73.236.207.253
967,Ofilia,Brownlow,obrownlowqu@slate.com,Polygender,180.239.210.188
968,Eddie,Myderscough,emyderscoughqv@fda.gov,Bigender,239.108.36.239
969,Sidney,Screwton,sscrewtonqw@theguardian.com,Agender,114.99.166.146
970,Mordecai,Dering,mderingqx@china.com.cn,Bigender,52.66.250.180
971,Jacquenetta,Hampstead,jhampsteadqy@loc.gov,Genderqueer,72.98.151.89
972,Waly,Dodworth,wdodworthqz@nbcnews.com,Polygender,41.61.218.60
973,Walt,Lewsey,wlewseyr0@apache.org,Agender,55.233.119.150
974,Obadiah,Mogra,omograr1@nydailynews.com,Male,135.86.36.98
975,Debor,Holtom,dholtomr2@virginia.edu,Male,254.6.132.146
976,Emerson,Trippack,etrippackr3@reference.com,Bigender,93.38.233.94
977,Drew,Muckian,dmuckianr4@pagesperso-orange.fr,Male,238.118.174.25
978,Aubree,Galier,agalierr5@etsy.com,Genderfluid,140.43.181.128
979,Marys,Brame,mbramer6@miibeian.gov.cn,Polygender,145.199.99.115
980,Bronnie,Meaking,bmeakingr7@linkedin.com,Agender,23.59.151.42
981,Lenci,Richford,lrichfordr8@addtoany.com,Male,47.128.140.64
982,Kermie,Gobourn,kgobournr9@abc.net.au,Genderfluid,123.83.170.97
983,Marion,Weathers,mweathersra@ftc.gov,Non-binary,239.134.24.116
984,Osbourne,McLaughlan,omclaughlanrb@ox.ac.uk,Genderfluid,94.131.169.244
985,Chico,Jambrozek,cjambrozekrc@cdc.gov,Agender,155.239.240.174
986,Karlene,Brewis,kbrewisrd@blogger.com,Bigender,191.131.131.142
987,Raleigh,Adderson,raddersonre@photobucket.com,Bigender,70.236.202.142
988,Urbanus,Clementson,uclementsonrf@businessweek.com,Male,123.85.33.78
989,Tod,Adamovich,tadamovichrg@marriott.com,Female,218.111.168.215
990,Vladimir,Kornilyev,vkornilyevrh@bravesites.com,Non-binary,99.232.80.250
991,Amalee,Seint,aseintri@gizmodo.com,Female,8.105.224.86
992,Jeth,Tease,jteaserj@dmoz.org,Non-binary,13.218.180.74
993,Borden,Gilley,bgilleyrk@devhub.com,Female,237.19.245.122
994,Abie,Shorte,ashorterl@ezinearticles.com,Male,160.237.160.226
995,Milicent,Etherington,metheringtonrm@kickstarter.com,Male,118.48.235.81
996,Byram,Menego,bmenegorn@toplist.cz,Agender,222.242.249.15
997,Cesare,Vanyatin,cvanyatinro@examiner.com,Female,200.35.79.24
998,Eleanor,Wellstead,ewellsteadrp@uiuc.edu,Polygender,198.177.147.93
999,Brandtr,Schuh,bschuhrq@hexun.com,Genderfluid,59.8.50.233
1000,Moises,Petrovykh,mpetrovykhrr@huffingtonpost.com,Male,180.183.139.22
